timestamp,mm_precip,temperature
1711062000,0,13.3
1711063800,0,13.6
1711065600,0,13.8
1711067400,0,13.9
1711069200,0,13.9
1711071000,0,13.7
1711072800,0,13.9
1711074600,0,13.9
1711076400,0,14.1
1711078200,0,15
1711080000,0,15.4
1711081800,0,15.7
1711083600,0,15.9
1711085400,0,16.8
1711087200,0,19
1711089000,0,20.9
1711090800,0,20.9
1711092600,0,21.7
1711094400,0,22.9
1711096200,0,23.5
1711098000,0,24
1711099800,0,24.4
1711101600,0,24.3
1711103400,0,24.7
1711105200,0,24.6
1711107000,0,24.7
1711108800,0,23.8
1711110600,0,23.5
1711112400,0,22.7
1711114200,0,23
1711116000,0,22.2
1711117800,0,21.6
1711119600,0,20.8
1711121400,0,20.3
1711123200,0,20
1711125000,0,19.3
1711126800,0,18.7
1711128600,0,18.1
1711130400,0,17.6
1711132200,0,17
1711134000,0,16.9
1711135800,0,16.7
1711137600,0,16.3
1711139400,0,16.4
1711141200,0,17
1711143000,0,17
1711144800,0,16.6
1711146600,0,17.1
1711148400,0,16.3
1711150200,0,15.8
1711152000,0,16
1711153800,0,15.1
1711155600,0,14.8
1711157400,0,14.6
1711159200,0,14.5
1711161000,0,14.1
1711162800,0,14.2
1711164600,0,14.6
1711166400,0,14.2
1711168200,0,13.7
1711170000,0,13.7
1711171800,0,14.8
1711173600,0,16.3
1711175400,0,17.3
1711177200,0,17.6
1711179000,0,17.3
1711180800,0,18.4
1711182600,0,19.1
1711184400,0,20
1711186200,0,20.5
1711188000,0,20.9
1711189800,0,21.1
1711191600,0,21.3
1711193400,0,21.2
1711195200,0,21.3
1711197000,0,20.7
1711198800,0,20.6
1711200600,0,20.1
1711202400,0,19.3
1711204200,0,18
1711206000,0,17.4
1711207800,0,16.4
1711209600,0,16.1
1711211400,0,15.8
1711213200,0,15.6
1711215000,0,15.2
1711216800,0,15.1
1711218600,0,15.2
1711220400,0,15.1
1711222200,0,15
1711224000,0,14.7
1711225800,0,14.2
1711227600,0,13.6
1711229400,0,13.4
1711231200,0,13.4
1711233000,0,13.7
1711234800,0,13.7
1711236600,0,13.1
1711238400,0,12.6
1711240200,0,13.2
1711242000,0,14
1711243800,0,14.2
1711245600,0,14.3
1711247400,0,14.3
1711249200,0,14.3
1711251000,0,14.1
1711252800,0,14
1711254600,0,14.2
1711256400,0,14.3
1711258200,0,14.5
1711260000,0,14.3
1711261800,0,14.1
1711263600,0,14.1
1711265400,0,14.4
1711267200,0,13.3
1711269000,0,13.4
1711270800,0,13.5
1711272600,0,14.2
1711274400,0,14.1
1711276200,0,14.3
1711278000,0,14
1711279800,0,14
1711281600,0,13.9
1711283400,0,14.6
1711285200,0,15
1711287000,0,14.5
1711288800,0,14.6
1711290600,0,14.8
1711292400,0,14.4
1711294200,0,14.1
1711296000,0,13.8
1711297800,0,13.6
1711299600,0,13.5
1711301400,0,13.3
1711303200,0,13.4
1711305000,0,13.3
1711306800,0,13.2
1711308600,0,13.3
1711310400,0,13.2
1711312200,0,13.3
1711314000,0,13.2
1711315800,0,13
1711317600,0,12.9
1711319400,0,13
1711321200,0,12.8
1711323000,0,12.8
1711324800,0,13.1
1711326600,0,13.1
1711328400,0,12.6
1711330200,0,12.6
1711332000,0,12.5
1711333800,0,12.3
1711335600,0,12
1711337400,0,12
1711339200,0,12
1711341000,0,12.2
1711342800,0,12.5
1711344600,0,12.7
1711346400,0.3,12.6
1711348200,0.3,12.1
1711350000,0,12.1
1711351800,0,12.7
1711353600,0,13.4
1711355400,0,14.1
1711357200,0,13.3
1711359000,0,13.1
1711360800,0,13.2
1711362600,0.2,13.2
1711364400,0.2,13.1
1711366200,0,13
1711368000,0,13.5
1711369800,0,13.5
1711371600,0,13.4
1711373400,0.7,12.8
1711375200,1.8,11.7
1711377000,0.7,11.1
1711378800,0.1,11.4
1711380600,0.1,11.6
1711382400,0.4,11.5
1711384200,0,11.4
1711386000,0,11.4
1711387800,0,11.5
1711389600,0.1,11.8
1711391400,0.1,11.8
1711393200,0.1,11.7
1711395000,0,11.7
1711396800,0,11.9
1711398600,0,11.9
1711400400,0,11.7
1711402200,0,11.8
1711404000,0,11.8
1711405800,0,12
1711407600,0,12.1
1711409400,0,11.9
1711411200,0.7,12
1711413000,0.3,11.9
1711414800,0.1,11.9
1711416600,0.2,12.1
1711418400,0.1,12.1
1711420200,1,12.1
1711422000,1.2,12.2
1711423800,2.1,12.4
1711425600,4.2,12.6
1711427400,7.4,12.7
1711429200,1.9,12.8
1711431000,0.5,12.7
1711432800,0.1,13.3
1711434600,0,13.5
1711436400,0,14
1711438200,0,14.3
1711440000,0,14.6
1711441800,0,15
1711443600,0,15.4
1711445400,0,15.8
1711447200,0,16.1
1711449000,0,15.4
1711450800,0,14.8
1711452600,0,15.4
1711454400,0,16.4
1711456200,0,16.4
1711458000,0,15.5
1711459800,0,15.5
1711461600,0,14.8
1711463400,0.1,13.5
1711465200,0.1,12.5
1711467000,0,12.7
1711468800,0,12.5
1711470600,0,12.3
1711472400,0,11.9
1711474200,0,11.6
1711476000,0,11.4
1711477800,0.1,10.6
1711479600,0,10.9
1711481400,0,11.5
1711483200,0,11.1
1711485000,0,11
1711486800,0,10.6
1711488600,0,10.3
1711490400,0,9.7
1711492200,0,9.2
1711494000,0,8.7
1711495800,0,8.8
1711497600,0,8.8
1711499400,0,9
1711501200,0,8.9
1711503000,0,8.2
1711504800,0,7.9
1711506600,0,8.4
1711508400,0,8.7
1711510200,0,9.1
1711512000,0,8.9
1711513800,0,8.8
1711515600,0,8.9
1711517400,0,9.3
1711519200,0,9.6
1711521000,0,10.3
1711522800,0,11.2
1711524600,0,12.2
1711526400,0,13.1
1711528200,0,13.8
1711530000,0,14.2
1711531800,0,15.1
1711533600,0,15.6
1711535400,0,16.4
1711537200,0,15.2
1711539000,0,15.3
1711540800,0,15.1
1711542600,0,15.3
1711544400,0,15
1711546200,0,15.2
1711548000,0,15.8
1711549800,0,15.4
1711551600,0,15.3
1711553400,0,14.8
1711555200,0,14.4
1711557000,0,14.1
1711558800,0,13.7
1711560600,0,13.7
1711562400,0,13.8
1711564200,0,13.9
1711566000,0,13.8
1711567800,0,14.1
1711569600,0,14.3
1711571400,0,13.8
1711573200,0,14.1
1711575000,0,15.9
1711576800,0,16.1
1711578600,0,16
1711580400,0,16.1
1711582200,0,16.3
1711584000,0,16.4
1711585800,0,16.4
1711587600,0,16.2
1711589400,0,16
1711591200,0,16
1711593000,0,15.9
1711594800,0,15.7
1711596600,0,15.5
1711598400,0,15.2
1711600200,0,15.4
1711602000,0,15.4
1711603800,0,15.3
1711605600,0,15.8
1711607400,0,16.9
1711609200,0,17.5
1711611000,0,17.5
1711612800,0,17.4
1711614600,0,18.1
1711616400,0,17.9
1711618200,0,17.7
1711620000,0,19.2
1711621800,0,21
1711623600,0,21.1
1711625400,0,19.3
1711627200,0,17.5
1711629000,0,18.7
1711630800,0,18.1
1711632600,0,18.3
1711634400,0,18.9
1711636200,0,19.7
1711638000,0,18.7
1711639800,0,18.2
1711641600,0,17.6
1711643400,0,16.6
1711645200,0,16.2
1711647000,0,15.9
1711648800,0,15.6
1711650600,0,15.4
1711652400,0,15.4
1711654200,0,15.1
1711656000,0,15.4
1711657800,0,15.5
1711659600,0,15
1711661400,0,14.9
1711663200,0,14.8
1711665000,0,14.5
1711666800,0,14.3
1711668600,0,14.1
1711670400,0,14.2
1711672200,0,14.2
1711674000,0,14.6
1711675800,0,14.7
1711677600,0,14.8
1711679400,0,14.8
1711681200,0,14.8
1711683000,0,14.8
1711684800,0,14.7
1711686600,0,14.6
1711688400,0,14.5
1711690200,0,14.7
1711692000,0,15
1711693800,0,15.7
1711695600,0,16.2
1711697400,0,16.8
1711699200,0,16.9
1711701000,0,17.3
1711702800,0,18.1
1711704600,0,18.1
1711706400,0,17.4
1711708200,0,17.4
1711710000,0,18.3
1711711800,0,19.3
1711713600,0,19.5
1711715400,0,19.3
1711717200,0,19
1711719000,0,19.5
1711720800,0,19.3
1711722600,0,19.2
1711724400,0,19.6
1711726200,0,18.5
1711728000,0,17.6
1711729800,0,16.5
1711731600,0,16.5
1711733400,0,16.4
1711735200,0,16
1711737000,0,15.7
1711738800,0,15.6
1711740600,0,15.6
1711742400,0,15.4
1711744200,0,15.4
1711746000,0,15.3
1711747800,0,15.1
1711749600,0,14.7
1711751400,0,14.8
1711753200,0,14.7
1711755000,0,14.4
1711756800,0,14
1711758600,0,13.4
1711760400,0,13
1711762200,0,13.5
1711764000,0,13.2
1711765800,0,13
1711767600,0,12.6
1711769400,0,12.3
1711771200,0,11.9
1711773000,0,11.5
1711774800,0,11.3
1711776600,0,12
1711778400,0,13
1711780200,0,13.5
1711782000,0,14.2
1711783800,0,15.1
1711785600,0,15.6
1711787400,0,16.2
1711789200,0,16.7
1711791000,0,16.1
1711792800,0,15.3
1711794600,0,15.1
1711796400,0,15
1711798200,0,15.5
1711800000,0,16.1
1711801800,0,16.6
1711803600,0,16.5
1711805400,0,16.6
1711807200,0,16.6
1711809000,0,15.4
1711810800,0,15.2
1711812600,0,15.1
1711814400,0,14.8
1711816200,0,14.6
1711818000,0,14.3
1711819800,0,14.3
1711821600,0,14.4
1711823400,0,14.2
1711825200,0.8,13.7
1711827000,0,13.3
1711828800,0,13.1
1711830600,0,13.2
1711832400,0.1,13.4
1711834200,0.7,13.1
1711836000,0,14.1
1711837800,0,14.3
1711839600,0,14.2
1711841400,0,14.3
1711843200,0,14.4
1711845000,0,14.3
1711846800,0,14.1
1711848600,0,14.1
1711846800,0,13.8
1711848600,0,13.6
1711850400,0,13.5
1711852200,0,13.4
1711854000,0,13
1711855800,0,12.9
1711857600,0,13.3
1711859400,0,14.1
1711861200,0,15
1711863000,0,15.2
1711864800,0,15.3
1711866600,0,15.3
1711868400,0,15.6
1711870200,0,15.4
1711872000,0,15.6
1711873800,0,16.3
1711875600,0,16.7
1711877400,0,16.1
1711879200,0,15.3
1711881000,0,13.8
1711882800,0.2,13.4
1711884600,2.6,13.4
1711886400,3.7,12.9
1711888200,0.8,13.1
1711890000,1,13.4
1711891800,1.7,13.6
1711893600,0.2,13.4
1711895400,0.3,13.2
1711897200,0.7,13
1711899000,0,12.5
1711900800,0,12.6
1711902600,0,12.6
1711904400,0,12.7
1711906200,1.3,12.7
1711908000,1.6,12.3
1711909800,4.8,10.4
1711911600,0,10.1
1711913400,0,10.2
1711915200,0,10
1711917000,0,10.5
1711918800,0,10.6
1711920600,0,10
1711922400,0,10
1711924200,0,9
1711926000,0,8.8
1711927800,0,8.6
1711929600,0,9
1711931400,0,9.2
1711933200,0,9.6
1711935000,0.1,9.4
1711936800,0,8.7
1711938600,0,8.8
1711940400,0,9.5
1711942200,0,9.6
1711944000,0,10.1
1711945800,0,10.9
1711947600,0,11.8
1711949400,0,12.6
1711951200,0,13.5
1711953000,0,14.4
1711954800,0,14.8
1711956600,0,15.9
1711958400,0,16.9
1711960200,0,17.7
1711962000,0,18.2
1711963800,0,18.6
1711965600,0,19
1711967400,0,19.1
1711969200,0,19.4
1711971000,0,18.8
1711972800,0,19.5
1711974600,0,19.4
1711976400,0,19.4
1711978200,0,17.6
1711980000,0,16.4
1711981800,0,16.7
1711983600,0,14.7
1711985400,0,13.8
1711987200,0,13.7
1711989000,0,13.3
1711990800,0,13.3
1711992600,0,12.6
1711994400,0,12.6
1711996200,0,12.6
1711998000,0,12.8
1711999800,0,12.5
1712001600,0,12.8
1712003400,0,12.7
1712005200,0,12.2
1712007000,0,12
1712008800,0,12.5
1712010600,0,12.7
1712012400,0,12.8
1712014200,0,11.4
1712016000,0,11.7
1712017800,0,12.1
1712019600,0,12.7
1712021400,0,12.4
1712023200,0,12.7
1712025000,0,12.1
1712026800,0,12
1712028600,0,11.5
1712030400,0,12
1712032200,0,12.7
1712034000,0,13.6
1712035800,0,14.5
1712037600,0,15.1
1712039400,0,16.2
1712041200,0,16.8
1712043000,0,17.1
1712044800,0,17
1712046600,0,16.7
1712048400,0,17
1712050200,0,17.1
1712052000,0,17
1712053800,0,17.6
1712055600,0,17.8
1712057400,0,17.6
1712059200,0,16.7
1712061000,0,16.4
1712062800,0,15.7
1712064600,0,15.8
1712066400,0,16
1712068200,0,15.4
1712070000,0,15.1
1712071800,0,14.9
1712073600,0,15
1712075400,0,15.1
1712077200,0,14.9
1712079000,0,15
1712080800,0,14.9
1712082600,0,14.7
1712084400,0,14.3
1712086200,0,13.8
1712088000,0,13.8
1712089800,0,13.3
1712091600,0,12.9
1712093400,0,12.3
1712095200,0,12.1
1712097000,0,11.7
1712098800,0,11.2
1712100600,0,11.7
1712102400,0,11.2
1712104200,0,11.2
1712106000,0,10.6
1712107800,0,10.4
1712109600,0,10.7
1712111400,0,12.2
1712113200,0,13.3
1712115000,0,13.7
1712116800,0,14.4
1712118600,0,15.3
1712120400,0,16.2
1712122200,0,17.1
1712124000,0,17.6
1712125800,0,18.6
1712127600,0,19.6
1712129400,0,20.6
1712131200,0,21.4
1712133000,0,20.6
1712134800,0,18.8
1712136600,0,18.8
1712138400,0,19.3
1712140200,0,20.4
1712142000,0,21
1712143800,0,20.7
1712145600,0,20.5
1712147400,0,20.6
1712149200,0,20.5
1712151000,0,20.1
1712152800,0,19.7
1712154600,0,19.1
1712156400,0,17.9
1712158200,0,17.3
1712160000,0,16.4
1712161800,0,15.9
1712163600,0,15.1
1712165400,0,14.8
1712167200,0,15.3
1712169000,0,15.1
1712170800,0,14.6
1712172600,0,14.3
1712174400,0,14
1712176200,0,13.6
1712178000,0,13.2
1712179800,0,13
1712181600,0,12.7
1712183400,0,12.7
1712185200,0,12.6
1712187000,0,12.5
1712188800,0,12.8
1712190600,0,12.1
1712192400,0,11.8
1712194200,0,11.7
1712196000,0,11.9
1712197800,0,11.9
1712199600,0,11.9
1712201400,0,12.1
1712203200,0,13.7
1712205000,0,15
1712206800,0,17.1
1712208600,0,18.6
1712210400,0,19.2
1712212200,0,19.5
1712214000,0,20.3
1712215800,0,20.3
1712217600,0,20.3
1712219400,0,20.5
1712221200,0,20.4
1712223000,0,20.5
1712224800,0,20.4
1712226600,0,20.5
1712228400,0,20.1
1712230200,0,19.7
1712232000,0,20.1
1712233800,0,19.7
1712235600,0,19.5
1712237400,0,19.6
1712239200,0,19.4
1712241000,0,18.6
1712242800,0,17.1
1712244600,0,16.3
1712246400,0,16
1712248200,0,16.2
1712250000,0,15.5
1712251800,0,14.9
1712253600,0,14.5
1712255400,0,14.5
1712257200,0,14.5
1712259000,0,14.4
1712260800,0,14.3
1712262600,0,14.2
1712264400,0,14.2
1712266200,0,14.3
1712268000,0,14
1712269800,0,13.6
1712271600,0,13.5
1712273400,0,13.4
1712275200,0,13.2
1712277000,0,12.9
1712278800,0,12.9
1712280600,0,12.9
1712282400,0,12.7
1712284200,0,12.6
1712286000,0,12.7
1712287800,0,12.8
1712289600,0,13.3
1712291400,0,15.2
1712293200,0,16.8
1712295000,0,18.1
1712296800,0,19
1712298600,0,19.6
1712300400,0,20.2
1712302200,0,20.6
1712304000,0,21.1
1712305800,0,20.5
1712307600,0,20.4
1712309400,0,20.3
1712311200,0,20.5
1712313000,0,20.5
1712314800,0,20.6
1712316600,0,20.5
1712318400,0,20.6
1712320200,0,21.9
1712322000,0,21.2
1712323800,0,19.8
1712325600,0,18.6
1712327400,0,17.7
1712329200,0,17.2
1712331000,0,16.8
1712332800,0,16.4
1712334600,0,15.7
1712336400,0,15.8
1712338200,0,15.6
1712340000,0,15
1712341800,0,15.3
1712343600,0,14.7
1712345400,0,14.7
1712347200,0,14.4
1712349000,0,14.3
1712350800,0,14.2
1712352600,0,14.1
1712354400,0,13.9
1712356200,0,14.3
1712358000,0,13.8
1712359800,0,13.5
1712361600,0,13.3
1712363400,0,13.4
1712365200,0,13.4
1712367000,0,13.1
1712368800,0,12.9
1712370600,0,12.7
1712372400,0,12.2
1712374200,0,12.1
1712376000,0,13
1712377800,0,14.5
1712379600,0,14.8
1712381400,0,14.2
1712383200,0,14.2
1712385000,0,15
1712386800,0,15
1712388600,0,16.1
1712390400,0,18
1712392200,0,18.7
1712394000,0,19.1
1712395800,0,19.5
1712397600,0,19.1
1712399400,0,18.8
1712401200,0,18.9
1712403000,0,19.5
1712404800,0,19.3
1712406600,0,19.2
1712408400,0,18.7
1712410200,0,18.7
1712412000,0,18.2
1712413800,0,17.9
1712415600,0,17.6
1712417400,0,17.2
1712419200,0,16.9
1712421000,0,16.7
1712422800,0,16.6
1712424600,0,16.5
1712426400,0,16.2
1712428200,0,16.1
1712430000,0,16
1712431800,0,15.9
1712433600,0,15.6
1712435400,0,15.7
1712437200,0,15.3
1712439000,0,14.9
1712440800,0,14.6
1712442600,0,14.5
1712444400,0,14.5
1712446200,0,15.5
1712448000,0,17.2
1712449800,0,17.4
1712451600,0,16.9
1712453400,0,17.9
1712455200,0,17.6
1712457000,0,17
1712458800,0,17
1712460600,0,17
1712462400,0,17.1
1712464200,0,17.1
1712466000,0,17.4
1712467800,0,17.6
1712469600,0,17.9
1712471400,0,18.2
1712473200,0,18.5
1712475000,0,18.8
1712476800,0,18.9
1712478600,0,18.9
1712480400,0,19
1712482200,0,19.5
1712484000,0,19.8
1712485800,0,19.4
1712487600,0,19.1
1712489400,0,18.4
1712491200,0,18
1712493000,0,17.7
1712494800,0,17.5
1712496600,0,17.5
1712498400,0,17.4
1712500200,0,17.2
1712502000,0,17.1
1712503800,0,17.2
1712505600,0,16.7
1712507400,0,16.4
1712509200,0,16.3
1712511000,0,16.1
1712512800,0,15.9
1712514600,0,15.7
1712516400,0,15.6
1712518200,0,15.7
1712520000,0,15.7
1712521800,0,15.6
1712523600,0,15.4
1712525400,0,14.7
1712527200,0,14.3
1712529000,0,14.1
1712530800,0,14.4
1712532600,0,14.5
1712534400,0,14.3
1712536200,0,14.4
1712538000,0,14.7
1712539800,0,14.6
1712541600,0,14.4
1712543400,0,14.5
1712545200,0,15.9
1712547000,0,16
1712548800,0,16.2
1712550600,0,16.6
1712552400,0,17.9
1712554200,0,17.7
1712556000,0,18
1712557800,0,19.2
1712559600,0,19.6
1712561400,0,20.1
1712563200,0,20.5
1712565000,0,21
1712566800,0,20.8
1712568600,0,20
1712570400,0,19.9
1712572200,0,20.1
1712574000,0,20.3
1712575800,0,19.9
1712577600,0,20.3
1712579400,0,19.7
1712581200,0,19.5
1712583000,0,19.5
1712584800,0,19
1712586600,0,18.6
1712588400,0,18.4
1712590200,0,18.1
1712592000,0,17.7
1712593800,0,16.7
1712595600,0,16
1712597400,0,16.2
1712599200,0,15.9
1712601000,0,16.1
1712602800,0,16.3
1712604600,0,16.7
1712606400,0,17.7
1712608200,0,19.5
1712610000,0,18.9
1712611800,0,18.8
1712613600,0,18.5
1712615400,0,17.6
1712617200,0,16.7
1712619000,0,16.4
1712620800,0,16.1
1712622600,0,15.5
1712624400,0,14.9
1712626200,0,14.1
1712628000,0,13.4
1712629800,0,12.9
1712631600,0,12.5
1712633400,0,12.1
1712635200,0,11.9
1712637000,0,12.2
1712638800,0,12.8
1712640600,0,13.1
1712642400,0,14.2
1712644200,0,15.1
1712646000,0,16.1
1712647800,0,16.8
1712649600,0,17.7
1712651400,0,17.4
1712653200,0,16.7
1712655000,0,16.3
1712656800,0,16.3
1712658600,0,16.3
1712660400,0,15.5
1712662200,0,16
1712664000,0,15.4
1712665800,0,14.8
1712667600,0,14.1
1712669400,0,14.4
1712671200,0,15
1712673000,0,14.5
1712674800,0,14
1712676600,0,13.4
1712678400,0,13.1
1712680200,0,13.2
1712682000,0,12.9
1712683800,0,12.7
1712685600,0,12.5
1712687400,0,12
1712689200,0,11.8
1712691000,0,11.4
1712692800,0,11
1712694600,0,11.2
1712696400,0,10.6
1712698200,0,10.6
1712700000,0,10.1
1712701800,0,10
1712703600,0,9.9
1712705400,0,10
1712707200,0,10.6
1712709000,0,10.6
1712710800,0,10
1712712600,0,10.3
1712714400,0,9.8
1712716200,0,9.3
1712718000,0,9.4
1712719800,0,9.9
1712721600,0,10.9
1712723400,0,11.7
1712725200,0,12.3
1712727000,0,13.1
1712728800,0,13.3
1712730600,0,14.4
1712732400,0,15.8
1712734200,0,16.6
1712736000,0,17.4
1712737800,0,17.8
1712739600,0,17.8
1712741400,0,17.5
1712743200,0,17.5
1712745000,0,17.9
1712746800,0,18.4
1712748600,0,18.2
1712750400,0,18
1712752200,0,17.3
1712754000,0,17.7
1712755800,0,17.3
1712757600,0,16.8
1712759400,0,16.5
1712761200,0,15.9
1712763000,0,15
1712764800,0,14.5
1712766600,0,14.1
1712768400,0,13.7
1712770200,0,13.5
1712772000,0,13.7
1712773800,0,13.6
1712775600,0,13.7
1712777400,0,12.9
1712779200,0,12.2
1712781000,0,11.9
1712782800,0,11.8
1712784600,0,11.5
1712786400,0,11.6
1712788200,0,11.6
1712790000,0,11.2
1712791800,0,11.1
1712793600,0,11.3
1712795400,0,11.3
1712797200,0,11.2
1712799000,0,10.7
1712800800,0,10.4
1712802600,0,10.3
1712804400,0,10.2
1712806200,0,11.4
1712808000,0,12.7
1712809800,0,13.7
1712811600,0,15.6
1712813400,0,16.1
1712815200,0,16.5
1712817000,0,17.1
1712818800,0,17.7
1712820600,0,18.6
1712822400,0,19.2
1712824200,0,19.7
1712826000,0,19.4
1712827800,0,19.1
1712829600,0,19.4
1712831400,0,19.8
1712833200,0,19.7
1712835000,0,19.3
1712836800,0,19
1712838600,0,19.4
1712840400,0,19.1
1712842200,0,18.8
1712844000,0,18.8
1712845800,0,18.1
1712847600,0,17.2
1712849400,0,16.3
1712851200,0,15.5
1712853000,0,14.8
1712854800,0,14.3
1712856600,0,14
1712858400,0,14
1712860200,0,14.1
1712862000,0,14.1
1712863800,0,14
1712865600,0,13.8
1712867400,0,13.7
1712869200,0,13.9
1712871000,0,14.1
1712872800,0,14.1
1712874600,0,14.1
1712876400,0,14.3
1712878200,0,14.1
1712880000,0,13.8
1712881800,0,14
1712883600,0,13.9
1712885400,0,14.4
1712887200,0,13.8
1712889000,0,13.9
1712890800,0,13.1
1712892600,0,13.5
1712894400,0,15
1712896200,0,17
1712898000,0,18.7
1712899800,0,20.1
1712901600,0,20.7
1712903400,0,21.6
1712905200,0,23
1712907000,0,23.3
1712908800,0,23.6
1712910600,0,23.6
1712912400,0,23.4
1712914200,0,23.3
1712916000,0,23.6
1712917800,0,23
1712919600,0,23.1
1712921400,0,23.2
1712923200,0,23.2
1712925000,0,23.2
1712926800,0,23.2
1712928600,0,22.7
1712930400,0,22.7
1712932200,0,22.3
1712934000,0,21
1712935800,0,20.1
1712937600,0,19.3
1712939400,0,18.5
1712941200,0,17.8
1712943000,0,17.3
1712944800,0,17
1712946600,0,16.8
1712948400,0,16.9
1712950200,0,16.3
1712952000,0,15.9
1712953800,0,15.8
1712955600,0,15.7
1712957400,0,15.3
1712959200,0,15
1712961000,0,15.9
1712962800,0,15.9
1712964600,0,16.2
1712966400,0,16.5
1712968200,0,16.6
1712970000,0,16.1
1712971800,0,16.1
1712973600,0,16.1
1712975400,0,15.6
1712977200,0,15
1712979000,0,15.6
1712980800,0,17.6
1712982600,0,19.4
1712984400,0,20.6
1712986200,0,21.7
1712988000,0,23
1712989800,0,24
1712991600,0,25.6
1712993400,0,26
1712995200,0,26.3
1712997000,0,26.3
1712998800,0,25.8
1713000600,0,25.3
1713002400,0,25
1713004200,0,24.6
1713006000,0,23.8
1713007800,0,23.8
1713009600,0,23.3
1713011400,0,23.3
1713013200,0,23.2
1713015000,0,23.1
1713016800,0,23
1713018600,0,22.6
1713020400,0,22.2
1713022200,0,21.6
1713024000,0,21
1713025800,0,19.6
1713027600,0,19
1713029400,0,18.5
1713031200,0,17.9
1713033000,0,17.2
1713034800,0,16.9
1713036600,0,17.1
1713038400,0,16.3
1713040200,0,16
1713042000,0,16
1713043800,0,15.6
1713045600,0,15.5
1713047400,0,15.7
1713049200,0,15.8
1713051000,0,15.7
1713052800,0,15.6
1713054600,0,16.4
1713056400,0,16.1
1713058200,0,15.4
1713060000,0,15
1713061800,0,14.7
1713063600,0,15.7
1713065400,0,16.8
1713067200,0,17.9
1713069000,0,19.7
1713070800,0,20.6
1713072600,0,21.6
1713074400,0,22.5
1713076200,0,24
1713078000,0,25.2
1713079800,0,25
1713081600,0,25.3
1713083400,0,25.2
1713085200,0,26.5
1713087000,0,26.7
1713088800,0,26.9
1713090600,0,26.8
1713092400,0,26.9
1713094200,0,27.2
1713096000,0,27.1
1713097800,0,27.1
1713099600,0,28
1713101400,0,24.5
1713103200,0,23.5
1713105000,0,22.9
1713106800,0,21.9
1713108600,0,21.3
1713110400,0,20.7
1713112200,0,19.7
1713114000,0,19.4
1713115800,0,19.3
1713117600,0,18.8
1713119400,0,17.7
1713121200,0,16.7
1713123000,0,17
1713124800,0,17.1
1713126600,0,16.2
1713128400,0,15.9
1713130200,0,17.4
1713132000,0,16.1
1713133800,0,15.9
1713135600,0,15.9
1713137400,0,18
1713139200,0,17.8
1713141000,0,18
1713142800,0,16.5
1713144600,0,15.7
1713146400,0,16.2
1713148200,0,15.9
1713150000,0,15.7
1713151800,0,16.8
1713153600,0,18
1713155400,0,19.2
1713157200,0,19.4
1713159000,0,20.6
1713160800,0,21.4
1713162600,0,22.2
1713164400,0,23.2
1713166200,0,21.6
1713168000,0,21.7
1713169800,0,22.5
1713171600,0,23.1
1713173400,0,24
1713175200,0,23.5
1713177000,0,22.4
1713178800,0,22.9
1713180600,0,23.3
1713182400,0,23.4
1713184200,0,23.4
1713186000,0,22.5
1713187800,0,22.2
1713189600,0,22.2
1713191400,0,20.9
1713193200,0,19.5
1713195000,0,18.8
1713196800,0,18.5
1713198600,0,18.1
1713200400,0,17.6
1713202200,0,17.3
1713204000,0,17
1713205800,0,17
1713207600,0,16.8
1713209400,0,16.7
1713211200,0,16.7
1713213000,0,16.8
1713214800,0,16.7
1713216600,0,16.3
1713218400,0,16.1
1713220200,0,16.2
1713222000,0,16.4
1713223800,0,16
1713225600,0,15.7
1713227400,0,15.5
1713229200,0,15
1713231000,0,14.3
1713232800,0,13.8
1713234600,0,13.6
1713236400,0,13.5
1713238200,0,13.5
1713240000,0,13.5
1713241800,0,14.2
1713243600,0,15
1713245400,0,16
1713247200,0,17
1713249000,0,18.3
1713250800,0,18.9
1713252600,0,19.2
1713254400,0,19.8
1713256200,0,19.4
1713258000,0,19.4
1713259800,0,19.5
1713261600,0,19.7
1713263400,0,19.7
1713265200,0,19.5
1713267000,0,19.1
1713268800,0,19.3
1713270600,0,19
1713272400,0,18.8
1713274200,0,18.5
1713276000,0,18.2
1713277800,0,17.1
1713279600,0,16.6
1713281400,0,16.2
1713283200,0,15.7
1713285000,0,15.3
1713286800,0,15.1
1713288600,0,15.2
1713290400,0,15.2
1713292200,0,15.2
1713294000,0,15.3
1713295800,0,15.3
1713297600,0.3,14.7
1713299400,0,14.6
1713301200,0,14.8
1713303000,0,14.8
1713304800,0,14.2
1713306600,0,13.6
1713308400,0,13.2
1713310200,0,12.8
1713312000,0,12.7
1713313800,0,12.3
1713315600,0,12.2
1713317400,0,12.3
1713319200,0,12.3
1713321000,0,12.2
1713322800,0,12.1
1713324600,0,12.1
1713326400,0,12.3
1713328200,0,12.9
1713330000,0,13.5
1713331800,0,14.8
1713333600,0,15.3
1713335400,0,15.4
1713337200,0,15.8
1713339000,0,16.1
1713340800,0,16.6
1713342600,0,17
1713344400,0,16.2
1713346200,0,16.2
1713348000,0,16.9
1713349800,0,16.4
1713351600,0,16.6
1713353400,0,16.1
1713355200,0,15.7
1713357000,0,15.8
1713358800,0,15.6
1713360600,0,15.4
1713362400,0,15.4
1713364200,0,14.9
1713366000,0,14.9
1713367800,0,14.5
1713369600,0,14.4
1713371400,0,14.4
1713373200,0,14.5
1713375000,0,14.5
1713376800,0,14.4
1713378600,0.1,14.4
1713380400,0.1,14
1713382200,0,14.3
1713384000,0,14.4
1713385800,0,14.5
1713387600,0,14.5
1713389400,0,14.4
1713391200,0,14.2
1713393000,0,14.2
1713394800,0,14.2
1713396600,0,14
1713398400,0,13.9
1713400200,0,13.6
1713402000,0,13.3
1713403800,0,13
1713405600,0,12.9
1713407400,0,12.6
1713409200,0,11.9
1713411000,0,11.7
1713412800,0,12.2
1713414600,0,12.9
1713416400,0,12.7
1713418200,0,13.5
1713420000,0,14.9
1713421800,0,15.2
1713423600,0,15.5
1713425400,0,15.7
1713427200,0,15.5
1713429000,0,16.9
1713430800,0,16.6
1713432600,0,17.2
1713434400,0,16.5
1713436200,0,16.3
1713438000,0,15.5
1713439800,0,14.7
1713441600,0,14.9
1713443400,0,15
1713445200,0,14.6
1713447000,0,14
1713448800,0,13.6
1713450600,0,13.6
1713452400,0,13.9
1713454200,0,13.9
1713456000,0,13.5
1713457800,0,13.5
1713459600,0,13.1
1713461400,0,12.1
1713463200,0,11.7
1713465000,0,12.1
1713466800,0,11.6
1713468600,0,11.4
1713470400,0,11.2
1713472200,0,10.7
1713474000,0,10.6
1713475800,0,10.6
1713477600,0,11.3
1713479400,0,11.1
1713481200,0,11.1
1713483000,0,11.2
1713484800,0,11.2
1713486600,0,11.4
1713488400,0,11.7
1713490200,0,11.5
1713492000,0,11.2
1713493800,0,11.1
1713495600,0,11.1
1713497400,0,11.6
1713499200,0,12
1713501000,0,12.7
1713502800,0,13.5
1713504600,0,14.4
1713506400,0,16
1713508200,0,17.6
1713510000,0,18.5
1713511800,0,18.6
1713513600,0,18.1
1713515400,0,18.7
1713517200,0,18.5
1713519000,0,18.6
1713520800,0,18.4
1713522600,0,18.5
1713524400,0,18.3
1713526200,0,18.2
1713528000,0,18.5
1713529800,0,18.3
1713531600,0,17.8
1713533400,0,17.6
1713535200,0,17.6
1713537000,0,17.7
1713538800,0,17
1713540600,0,16.2
1713542400,0,15.5
1713544200,0,15.1
1713546000,0,15
1713547800,0,14.8
1713549600,0,14.4
1713551400,0,13.9
1713553200,0,13.8
1713555000,0,13.6
1713556800,0,13.6
1713558600,0,12.9
1713560400,0,12.8
1713562200,0,12.5
1713564000,0,12.3
1713565800,0,12.5
1713567600,0,12.4
1713569400,0,12.5
1713571200,0,12.3
1713573000,0,12.2
1713574800,0,11.9
1713576600,0,11.3
1713578400,0,11.3
1713580200,0,12.3
1713582000,0,12.3
1713583800,0,12.7
1713585600,0,14.7
1713587400,0,15.9
1713589200,0,16.8
1713591000,0,17.3
1713592800,0,17.6
1713594600,0,17.8
1713596400,0,18
1713598200,0,18.3
1713600000,0,17.9
1713601800,0,17.8
1713603600,0,18.1
1713605400,0,18.5
1713607200,0,19
1713609000,0,19.1
1713610800,0,18.5
1713612600,0,19.4
1713614400,0,18.6
1713616200,0,18.7
1713618000,0,17.8
1713619800,0,17.9
1713621600,0,17.3
1713623400,0,17.2
1713625200,0,16.6
1713627000,0,15.9
1713628800,0,15.4
1713630600,0,14.9
1713632400,0,14.7
1713634200,0,14.5
1713636000,0,14.1
1713637800,0,14.2
1713639600,0,13.7
1713641400,0,13.5
1713643200,0,13.4
1713645000,0,12.9
1713646800,0,12.6
1713648600,0,13.2
1713650400,0,13.5
1713652200,0,13.1
1713654000,0,12.8
1713655800,0,13.3
1713657600,0,13.5
1713659400,0,13.3
1713661200,0,12.8
1713663000,0,12.6
1713664800,0,12
1713666600,0,12
1713668400,0,12.1
1713670200,0,12.5
1713672000,0,12.5
1713673800,0,12.7
1713675600,0,12.9
1713677400,0,13.4
1713679200,0,14.2
1713681000,0,14.4
1713682800,0,14.7
1713684600,0,15.3
1713686400,0,15.9
1713688200,0,16.6
1713690000,0,16.3
1713691800,0,17.1
1713693600,0,17.3
1713695400,0,17
1713697200,0,17
1713699000,0,16.5
1713700800,0,16.1
1713702600,0,15.7
1713704400,0,15.1
1713706200,0,14.8
1713708000,0,14.6
1713709800,0,14.6
1713711600,0,14.7
1713713400,0,14.3
1713715200,0,14.3
1713717000,0,14
1713718800,0,13.9
1713720600,0,13.9
1713722400,0,13.8
1713724200,0,13.8
1713726000,0.1,13.7
1713727800,0,13.2
1713729600,0,13.5
1713731400,0,13.8
1713733200,0,13.9
1713735000,0,13.8
1713736800,0,13.8
1713738600,0.1,13.6
1713740400,0.9,11.4
1713742200,1.3,10.5
1713744000,1,9.9
1713745800,0.1,9.5
1713747600,0,9.6
1713749400,0.1,9.5
1713751200,0,9.7
1713753000,0.3,9.2
1713754800,0.4,8.8
1713756600,0.3,8.9
1713758400,0.8,8.9
1713760200,0.8,8.9
1713762000,0,9.2
1713763800,0.1,9.5
1713765600,0.1,9.6
1713767400,0,9.9
1713769200,0,10.4
1713771000,0,11.7
1713772800,0,12.6
1713774600,0,14.1
1713776400,0,14.7
1713778200,0,14.8
1713780000,0,15
1713781800,0,15.5
1713783600,0,15.6
1713785400,0,15.2
1713787200,0,14.6
1713789000,0,13.8
1713790800,4.2,12
1713792600,3,9.9
1713794400,0.1,10.2
1713796200,0.4,10.8
1713798000,0.1,10.9
1713799800,2.2,9.7
1713801600,1.8,8
1713803400,0.1,8.3
1713805200,0,8.4
1713807000,0,8.3
1713808800,0,8.5
1713810600,0,8.7
1713812400,0,9.1
1713814200,0,9.4
1713816000,0,9.4
1713817800,0,9.5
1713819600,0,9.4
1713821400,0,8.9
1713823200,0,8.4
1713825000,0,8
1713826800,0,7.6
1713828600,0,7.4
1713830400,0,7.2
1713832200,0,7.4
1713834000,0,7.4
1713835800,0,6.9
1713837600,0,6.8
1713839400,0,7.2
1713841200,0,7.5
1713843000,0,7.6
1713844800,0,9
1713846600,0,10.3
1713848400,0,10.6
1713850200,0,11.2
1713852000,0,12.1
1713853800,0,12.1
1713855600,0,12.6
1713857400,0,13.4
1713859200,0,13.4
1713861000,0,14.5
1713862800,0,15.3
1713864600,0,15.2
1713866400,0,14.1
1713868200,0,14.5
1713870000,0,15
1713871800,0,15.1
1713873600,0,14.6
1713875400,0,14.6
1713877200,0,14.1
1713879000,0,14.2
1713880800,0,13
1713882600,0,12.6
1713884400,0,12.8
1713886200,0,12.7
1713888000,0,12
1713889800,0,11.5
1713891600,0,11.1
1713893400,0,11.1
1713895200,0,11.2
1713897000,0,10.3
1713898800,0,10.2
1713900600,0,10
1713902400,0,9.7
1713904200,0,9.2
1713906000,0,8.9
1713907800,0,8.5
1713909600,0,8.8
1713911400,0,9.4
1713913200,0,8.7
1713915000,0,8.7
1713916800,0,9.2
1713918600,0,8.9
1713920400,0,9
1713922200,0,8.9
1713924000,0,8.3
1713925800,0,8.3
1713927600,0,8.1
1713929400,0,7.6
1713931200,0,8
1713933000,0,8.8
1713934800,0,10.2
1713936600,0,12.1
1713938400,0,13.1
1713940200,0,13.9
1713942000,0,14.9
1713943800,0,15.6
1713945600,0,16.2
1713947400,0,16.1
1713949200,0,16.1
1713951000,0,16.3
1713952800,0,16.9
1713954600,0,17.5
1713956400,0,17
1713958200,0,17.6
1713960000,0,17.6
1713961800,0,17.7
1713963600,0,17.6
1713965400,0,16.9
1713967200,0,15.9
1713969000,0,15.2
1713970800,0,14.7
1713972600,0,14.4
1713974400,0,14.1
1713976200,0,13.8
1713978000,0,13.5
1713979800,0,13.4
1713981600,0,13.1
1713983400,0,12.7
1713985200,0,12.5
1713987000,0,12.4
1713988800,0,12.5
1713990600,0,12.2
1713992400,0,12.3
1713994200,0,12
1713996000,0,12.4
1713997800,0,12.9
1713999600,0,13
1714001400,0,12.9
1714003200,0,13
1714005000,0,12.9
1714006800,0,12.7
1714008600,0,12.4
1714010400,0,12.3
1714012200,0,12.2
1714014000,0,12
1714015800,0,12.3
1714017600,0,12.6
1714019400,0,12.7
1714021200,0,13
1714023000,0,13.7
1714024800,0,13.5
1714026600,0,13.7
1714028400,0,13.9
1714030200,0,14
1714032000,0,13.7
1714033800,0,14
1714035600,0,14.8
1714037400,0,14.9
1714039200,0,14.2
1714041000,0,13.9
1714042800,0,13.8
1714044600,0,14.5
1714046400,0,14.8
1714048200,0,15
1714050000,0,14.1
1714051800,0,14.1
1714053600,0,13.9
1714055400,0,13.6
1714057200,0,13.5
1714059000,0,13.4
1714060800,0,13.3
1714062600,0,13.2
1714064400,0,13.3
1714066200,0,13.2
1714068000,0,13.2
1714069800,0,13.1
1714071600,0,13
1714073400,0,13.1
1714075200,0,12.8
1714077000,0.1,12.6
1714078800,0.1,12
1714080600,0.1,11.9
1714082400,0.1,11.8
1714084200,0,11.8
1714086000,0,11.8
1714087800,0,12
1714089600,0,12.2
1714091400,0,11.5
1714093200,0,10.7
1714095000,0,10.4
1714096800,0,10.8
1714098600,0,10.3
1714100400,0,10.2
1714102200,0,11.5
1714104000,0,13
1714105800,0,14.1
1714107600,0,14.9
1714109400,0,15.8
1714111200,0,16.7
1714113000,0,17.3
1714114800,0,18
1714116600,0,18.1
1714118400,0,18.4
1714120200,0,18.2
1714122000,0,18.4
1714123800,0,18.8
1714125600,0,19.4
1714127400,0,18.7
1714129200,0,18.5
1714131000,0,18.5
1714132800,0,18.3
1714134600,0,18.1
1714136400,0,17.9
1714138200,0,17.7
1714140000,0,17
1714141800,0,17
1714143600,0,16.3
1714145400,0,16.1
1714147200,0,15.6
1714149000,0,15.5
1714150800,0,15.6
1714152600,0,15.4
1714154400,0,15.5
1714156200,0,15.5
1714158000,0,15.5
1714159800,0,15.5
1714161600,0,15.5
1714163400,0,15.5
1714165200,0,15.5
1714167000,0,15.4
1714168800,0,15.4
1714170600,0,15.4
1714172400,0,15.3
1714174200,0,15.4
1714176000,0,15.3
1714177800,0,15.3
1714179600,0,15.3
1714181400,0,15.3
1714183200,0,15.3
1714185000,0,15.3
1714186800,0,15.3
1714188600,0,15.4
1714190400,0,15.6
1714192200,0,15.9
1714194000,0,16.2
1714195800,0,16.5
1714197600,0,16.9
1714199400,0,16.7
1714201200,0,17
1714203000,0,18.2
1714204800,0,19.3
1714206600,0,19.2
1714208400,0,18.3
1714210200,0,18.4
1714212000,0,18
1714213800,0,18.8
1714215600,0,18.3
1714217400,0,18.6
1714219200,0,18.4
1714221000,0,18.3
1714222800,0,17.9
1714224600,0,18.1
1714226400,0,17.6
1714228200,0,17.5
1714230000,0,17.5
1714231800,0,17.3
1714233600,0,17.2
1714235400,0,16.8
1714237200,0,16.7
1714239000,0,16.7
1714240800,0,16.7
1714242600,0,16.5
1714244400,0,16.4
1714246200,0,16.2
1714248000,0,16.2
1714249800,0.1,16.2
1714251600,0.1,16
1714253400,0,15.7
1714255200,0,15.7
1714257000,0,15.5
1714258800,0,15.5
1714260600,0,15.3
1714262400,0,15.5
1714264200,0,15.6
1714266000,0,15.6
1714267800,0,15.7
1714269600,0.1,15.7
1714271400,0,15.6
1714273200,0.5,15.3
1714275000,0,15.1
1714276800,0,15
1714278600,0,15.1
1714280400,0,15.3
1714282200,0,15.2
1714284000,0,15.3
1714285800,0,15.1
1714287600,0.1,14.7
1714289400,0,15.6
1714291200,0,16.1
1714293000,0,15.6
1714294800,0,15.6
1714296600,0,15.8
1714298400,0,16.3
1714300200,0,16.9
1714302000,0,17.2
1714303800,0,16.7
1714305600,0,16.7
1714307400,0,16.8
1714309200,0,16.5
1714311000,0,16.7
1714312800,0,16.4
1714314600,0,16.4
1714316400,0,16.1
1714318200,0,15.8
1714320000,0,15.6
1714321800,0,15.3
1714323600,0,15
1714325400,0,14.8
1714327200,0,14.8
1714329000,0,14.9
1714330800,0,14.6
1714332600,0,14.4
1714334400,0.4,14.4
1714336200,0.9,13.7
1714338000,0.6,13.6
1714339800,1.1,13.3
1714341600,0.6,13.2
1714343400,0.5,13.1
1714345200,1,13
1714347000,0.4,13
1714348800,0.5,13.1
1714350600,0.2,13.1
1714352400,0.4,13
1714354200,1.3,13
1714356000,0.8,12.9
1714357800,0.1,12.9
1714359600,0.1,13
1714361400,0.2,13.2
1714363200,0,13.3
1714365000,0.2,13.4
1714366800,0.1,13.5
1714368600,0.3,13.8
1714370400,0.8,13.9
1714372200,1.8,13.7
1714374000,2.1,13.8
1714375800,2.5,13.9
1714377600,4.1,13.6
1714379400,1,13.4
1714381200,0.9,13.8
1714383000,0.1,14
1714384800,1.2,13.9
1714386600,3.1,13.7
1714388400,4.9,13.7
1714390200,4.4,13.5
1714392000,3.8,13.4
1714393800,3,13.3
1714395600,2.3,13.2
1714397400,4.2,13.3
1714399200,1,13.4
1714401000,0.4,13.4
1714402800,6.1,13.3
1714404600,20.1,13.2
1714406400,1.2,13.1
1714408200,0.4,13.2
1714410000,0.1,14
1714411800,0,14
1714413600,0,14.1
1714415400,0.1,14.3
1714417200,0,14.3
1714419000,0,14.6
1714420800,0.1,14.6
1714422600,0.6,14.2
1714424400,0.1,14.1
1714426200,0,14.2
1714428000,0,14.2
1714429800,0,14.2
1714431600,0,14.1
1714433400,0,14.1
1714435200,0,14
1714437000,0,14.2
1714438800,0,14.3
1714440600,0,14.1
1714442400,0,14.1
1714444200,0,14.4
1714446000,0,14
1714447800,0,14
1714449600,0,14.5
1714451400,0,14.8
1714453200,0,15.2
1714455000,0,15.4
1714456800,0,15.3
1714458600,0,15.4
1714460400,0,15.6
1714462200,0,16.1
1714464000,0,16.6
1714465800,0,16.8
1714467600,0,16.8
1714469400,0,17.2
1714471200,0,16.9
1714473000,0,17.7
1714474800,0,17.8
1714476600,0,16.8
1714478400,0,16.4
1714480200,0,16.4
1714482000,0,16.5
1714483800,0,16.5
1714485600,0,16
1714487400,0,15.9
1714489200,0,15.8
1714491000,0,15.9
1714492800,0,15.8
1714494600,0,15.5
1714496400,0,15.3
1714498200,0,15.2
1714500000,0,15
1714501800,0,14.9
1714503600,0,14.8
1714505400,0,14.5
1714507200,0,14.2
1714509000,0,14.4
1714510800,0,14
1714512600,0,13.5
1714514400,0,13.3
1714516200,0,13.2
1714518000,0,12.7
1714519800,0,12.4
1714521600,0,12.4
1714523400,0,12.2
1714525200,0,12
1714527000,0,12.2
1714528800,0,12.2
1714530600,0,12.2
1714532400,0,11.6
1714534200,0,11.8
1714536000,0,13
1714537800,0,15.9
1714539600,0,16.7
1714541400,0,17
1714543200,0,18.4
1714545000,0,19.2
1714546800,0,18.4
1714548600,0,18.7
1714550400,0,19.3
1714552200,0,19.9
1714554000,0,19.6
1714555800,0,19.4
1714557600,0,20.7
1714559400,0,21
1714561200,0,20.8
1714563000,0,20.1
1714564800,0,20.5
1714566600,0,20.8
1714568400,0,19.8
1714570200,0,19.9
1714572000,0,18.9
1714573800,0,18.4
1714575600,0,18.4
1714577400,0,18.4
1714579200,0,18.1
1714581000,0,17.7
1714582800,0,17.3
1714584600,0,16.5
1714586400,0,15.9
1714588200,0,15.7
1714590000,0,15.4
1714591800,0,14.9
1714593600,0,14.7
1714595400,0,14.2
1714597200,0,13.7
1714599000,0,13.3
1714600800,0,12.7
1714602600,0,12.2
1714604400,0,11.6
1714606200,0,11.2
1714608000,0,10.8
1714609800,0,10.5
1714611600,0,10.2
1714613400,0,10.1
1714615200,0,9.9
1714617000,0,9.7
1714618800,0,9.8
1714620600,0,10.3
1714622400,0,11
1714624200,0,11.3
1714626000,0,12.2
1714627800,0,13.4
1714629600,0,14.3
1714631400,0,15.4
1714633200,0,16.5
1714635000,0,17.3
1714636800,0,18.1
1714638600,0,18.8
1714640400,0,19.8
1714642200,0,20.3
1714644000,0,20.8
1714645800,0,20.9
1714647600,0,21.5
1714649400,0,20.5
1714651200,0,21
1714653000,0,22.1
1714654800,0,22
1714656600,0,22.3
1714658400,0,19.9
1714660200,0,16.7
1714662000,0,15.9
1714663800,0,15.5
1714665600,0,15.3
1714667400,0,14.9
1714669200,0,14.7
1714671000,0,14.3
1714672800,0,14.3
1714674600,0,14
1714676400,0,13.4
1714678200,0,13.2
1714680000,0,13
1714681800,0,12.4
1714683600,0,11.6
1714685400,0,11.1
1714687200,0,10.9
1714689000,0,10.7
1714690800,0,10.6
1714692600,0,10.8
1714694400,0,10.3
1714696200,0,10.1
1714698000,0,9.9
1714699800,0,10
1714701600,0,9.7
1714703400,0,9.9
1714705200,0,10.3
1714707000,0,12.3
1714708800,0,14.1
1714710600,0,15.1
1714712400,0,15.7
1714714200,0,16.8
1714716000,0,17.8
1714717800,0,18.6
1714719600,0,18.6
1714721400,0,18.8
1714723200,0,19.2
1714725000,0,18.9
1714726800,0,19.3
1714728600,0,19.4
1714730400,0,19.7
1714732200,0,19.6
1714734000,0,20.5
1714735800,0,20.6
1714737600,0,20.7
1714739400,0,20.7
1714741200,0,20.5
1714743000,0,20.2
1714744800,0,19.6
1714746600,0,18.9
1714748400,0,18.5
1714750200,0,18.2
1714752000,0,17.8
1714753800,0,17.2
1714755600,0,16.6
1714757400,0,16.2
1714759200,0,16.2
1714761000,0,16
1714762800,0,16.1
1714764600,0,15.8
1714766400,0,15.8
1714768200,0,15.3
1714770000,0,14.4
1714771800,0,14.2
1714773600,0,13.9
1714775400,0,14.3
1714777200,0,13.7
1714779000,0,13.7
1714780800,0,13.3
1714782600,0,13.1
1714784400,0,12.9
1714786200,0,12.4
1714788000,0,11.8
1714789800,0,11.8
1714791600,0,11.6
1714793400,0,13.6
1714795200,0,14.9
1714797000,0,15.6
1714798800,0,15.8
1714800600,0,17.4
1714802400,0,18.7
1714804200,0,19
1714806000,0,20
1714807800,0,20.5
1714809600,0,20.5
1714811400,0,21.2
1714813200,0,21.8
1714815000,0,22
1714816800,0,22.4
1714818600,0,22.8
1714820400,0,23.3
1714822200,0,23.7
1714824000,0,22.9
1714825800,0,22.3
1714827600,0,22
1714829400,0,22.2
1714831200,0,21.7
1714833000,0,21.7
1714834800,0,21.8
1714836600,0,21.2
1714838400,0,21
1714840200,0,19.6
1714842000,0,18
1714843800,0,17.7
1714845600,0,17.6
1714847400,0,17.4
1714849200,0,17.6
1714851000,0,17.8
1714852800,0,17.7
1714854600,0,17.6
1714856400,0,17.2
1714858200,0,17
1714860000,0,15.9
1714861800,0,15.2
1714863600,0,14.8
1714865400,0,14.3
1714867200,0,14.1
1714869000,0,14
1714870800,0,13.9
1714872600,0,13.8
1714874400,0,13.6
1714876200,0,13.7
1714878000,0,14.2
1714879800,0,15.6
1714881600,0,16.4
1714883400,0,17.2
1714885200,0,17.6
1714887000,0,17.8
1714888800,0,18.1
1714890600,0,18.3
1714892400,0,18.8
1714894200,0,19.2
1714896000,0,19.7
1714897800,0,19.9
1714899600,0,19.9
1714901400,0,21
1714903200,0,20.5
1714905000,0,20.2
1714906800,0,20.9
1714908600,0,21.1
1714910400,0,21.9
1714912200,0,21.9
1714914000,0,22
1714915800,0,21.2
1714917600,0,20.6
1714919400,0,19.9
1714921200,0,19.1
1714923000,0,18.4
1714924800,0,17.6
1714926600,0,17.1
1714928400,0,16.9
1714930200,0,16.8
1714932000,0,16.6
1714933800,0,16.2
1714935600,0,16.5
1714937400,0,16.6
1714939200,0,16.6
1714941000,0,16.7
1714942800,0,16.3
1714944600,0,16.5
1714946400,0,16.3
1714948200,0,15.9
1714950000,0,16.1
1714951800,0,15.5
1714953600,0,15.4
1714955400,0,15
1714957200,0,14.5
1714959000,0,14.5
1714960800,0,15
1714962600,0,16.2
1714964400,0,16.7
1714966200,0,17.8
1714968000,0,18.3
1714969800,0,18.3
1714971600,0,18.7
1714973400,0,19.9
1714975200,0,20.5
1714977000,0,19.9
1714978800,0,19.8
1714980600,0,19.5
1714982400,0,19.8
1714984200,0,20
1714986000,0,19.7
1714987800,0,19.8
1714989600,0,19.9
1714991400,0,18.9
1714993200,0,18.1
1714995000,0,17.4
1714996800,0,17.1
1714998600,0,17
1715000400,0,16.6
1715002200,0,16.9
1715004000,0,17
1715005800,0,17.1
1715007600,0,16.6
1715009400,0,16.2
1715011200,0,16.1
1715013000,0,15.7
1715014800,0,15.4
1715016600,0,15.5
1715018400,0,15.5
1715020200,0,15.7
1715022000,0,15.6
1715023800,0,15.6
1715025600,0,15.5
1715027400,0,15.3
1715029200,0,15.4
1715031000,0,15.4
1715032800,0,15.5
1715034600,0,15.5
1715036400,0,14.9
1715038200,0,14.8
1715040000,0,14.8
1715041800,0,14.7
1715043600,0,14.9
1715045400,0,14.8
1715047200,0,14.8
1715049000,0,14.5
1715050800,0,14.9
1715052600,0,15
1715054400,0,14.9
1715056200,0,15.2
1715058000,0,16.3
1715059800,0,17.2
1715061600,0,17.7
1715063400,0,18.3
1715065200,0,18.7
1715067000,0,19.4
1715068800,0,19.9
1715070600,0,20.1
1715072400,0,20.1
1715074200,0,20
1715076000,0,19.6
1715077800,0,19.5
1715079600,0,19.7
1715081400,0,20.4
1715083200,0,20.3
1715085000,0,20.3
1715086800,0,18.5
1715088600,0,17.4
1715090400,0,16.5
1715092200,0,16.3
1715094000,0.1,16.2
1715095800,0,16.1
1715097600,0,15.7
1715099400,0,15.4
1715101200,0,15.5
1715103000,0,15.4
1715104800,0,15.5
1715106600,0,14.9
1715108400,0,14.5
1715110200,0,14.5
1715112000,0,14.6
1715113800,0,13.7
1715115600,0,13.3
1715117400,0,13.3
1715119200,0,13
1715121000,0,13.1
1715122800,0,13.2
1715124600,0,13.1
1715126400,0,13.6
1715128200,0,13.5
1715130000,0,13.3
1715131800,0,12.8
1715133600,0,12.7
1715135400,0,12.9
1715137200,0,13.2
1715139000,0,13.9
1715140800,0,15.2
1715142600,0,15.9
1715144400,0,16.9
1715146200,0,18.6
1715148000,0,19.7
1715149800,0,21.3
1715151600,0,22.3
1715153400,0,23
1715155200,0,23.5
1715157000,0,24.4
1715158800,0,24
1715160600,0,23.4
1715162400,0,23.1
1715164200,0,23
1715166000,0,22.8
1715167800,0,22.5
1715169600,0,22.5
1715171400,0,22.5
1715173200,0,22.5
1715175000,0,22.2
1715176800,0,21.9
1715178600,0,21.5
1715180400,0,20.7
1715182200,0,20
1715184000,0,19.1
1715185800,0,18.9
1715187600,0,18.5
1715189400,0,18.6
1715191200,0,18.6
1715193000,0,18.4
1715194800,0,17.8
1715196600,0,17.5
1715198400,0,17.1
1715200200,0,17.5
1715202000,0,17.6
1715203800,0,17.4
1715205600,0,17.4
1715207400,0,17.3
1715209200,0,17.4
1715211000,0,17.4
1715212800,0,17.5
1715214600,0,17.5
1715216400,0,17.4
1715218200,0,17.3
1715220000,0,17.4
1715221800,0,17.6
1715223600,0,17.8
1715225400,0,16.9
1715227200,0,18.2
1715229000,0,19.1
1715230800,0,19.8
1715232600,0,20.9
1715234400,0,21.5
1715236200,0,22.6
1715238000,0,23
1715239800,0,22.5
1715241600,0,22.9
1715243400,0,23
1715245200,0,23.1
1715247000,0,23
1715248800,0,23.1
1715250600,0,23.1
1715252400,0,23.1
1715254200,0,22.2
1715256000,0,22.3
1715257800,0,22.1
1715259600,0,22.2
1715261400,0,21.7
1715263200,0,21.2
1715265000,0,20.7
1715266800,0,20.5
1715268600,0,19.5
1715270400,0,18.9
1715272200,0,18.2
1715274000,0,17.6
1715275800,0,17.2
1715277600,0,16.7
1715279400,0,16
1715281200,0,16.1
1715283000,0,16.3
1715284800,0,15.9
1715286600,0,15.7
1715288400,0,15.8
1715290200,0,15.3
1715292000,0,15.3
1715293800,0,15.4
1715295600,0,15.2
1715297400,0,15.2
1715299200,0,15.5
1715301000,0,15.3
1715302800,0,15.3
1715304600,0,15.3
1715306400,0,15
1715308200,0,14.3
1715310000,0,14.5
1715311800,0,16.5
1715313600,0,18
1715315400,0,19.3
1715317200,0,20
1715319000,0,21.1
1715320800,0,21.5
1715322600,0,22.2
1715324400,0,22.9
1715326200,0,23.1
1715328000,0,23.3
1715329800,0,24.3
1715331600,0,24.5
1715333400,0,24.2
1715335200,0,24.8
1715337000,0,25
1715338800,0,24.7
1715340600,0,24.9
1715342400,0,24.6
1715344200,0,24.3
1715346000,0,23.7
1715347800,0,23.6
1715349600,0,23
1715351400,0,22.4
1715353200,0,22.2
1715355000,0,21
1715356800,0,20.2
1715358600,0,19.3
1715360400,0,18.4
1715362200,0,17.8
1715364000,0,17.2
1715365800,0,17.2
1715367600,0,17
1715369400,0,16.6
1715371200,0,16.7
1715373000,0,16.1
1715374800,0,16.1
1715376600,0,15.7
1715378400,0,15.7
1715380200,0,15.5
1715382000,0,15.9
1715383800,0,15.9
1715385600,0,16.1
1715387400,0,15.9
1715389200,0,15.2
1715391000,0,14.9
1715392800,0,14.7
1715394600,0,14.7
1715396400,0,15.4
1715398200,0,17.2
1715400000,0,19.7
1715401800,0,20.2
1715403600,0,21.4
1715405400,0,21.9
1715407200,0,21.6
1715409000,0,22.1
1715410800,0,23.1
1715412600,0,23.4
1715414400,0,23.3
1715416200,0,23.8
1715418000,0,23.7
1715419800,0,23.9
1715421600,0,24
1715423400,0,23.9
1715425200,0,23.9
1715427000,0,23.8
1715428800,0,23.9
1715430600,0,24
1715432400,0,23.9
1715434200,0,22.9
1715436000,0,22.9
1715437800,0,22.1
1715439600,0,21.3
1715441400,0,20.5
1715443200,0,19.7
1715445000,0,18.9
1715446800,0,18.4
1715448600,0,18.1
1715450400,0,17.8
1715452200,0,17.6
1715454000,0,17.5
1715455800,0,17.5
1715457600,0,17
1715459400,0,16.5
1715461200,0,16.3
1715463000,0,16.4
1715464800,0,16.3
1715466600,0,16.4
1715468400,0,16.3
1715470200,0,16.1
1715472000,0,16
1715473800,0,15.8
1715475600,0,15.3
1715477400,0,15.1
1715479200,0,15.4
1715481000,0,16
1715482800,0,16.6
1715484600,0,17.6
1715486400,0,19.2
1715488200,0,19.1
1715490000,0,19.5
1715491800,0,20.2
1715493600,0,19.9
1715495400,0,19.8
1715497200,0,21.1
1715499000,0,22.6
1715500800,0,22.9
1715502600,0,23.1
1715504400,0,23.5
1715506200,0,24.3
1715508000,0,24.4
1715509800,0,23.9
1715511600,0,24.5
1715513400,0,24.7
1715515200,0,24.7
1715517000,0,25.1
1715518800,0,23.4
1715520600,0,22.9
1715522400,0,22.1
1715524200,0,22.4
1715526000,0,21.5
1715527800,0,20.9
1715529600,0,20.4
1715531400,0,19.4
1715533200,0,18.9
1715535000,0,18.5
1715536800,0,18.3
1715538600,0,18.2
1715540400,0,18.3
1715542200,0,18.5
1715544000,0,18
1715545800,0,17.8
1715547600,0,18
1715549400,0,17.8
1715551200,0,17.6
1715553000,0,17
1715554800,0,16.6
1715556600,0,16.5
1715558400,0,16.6
1715560200,0,16.4
1715562000,0,16
1715563800,0,16.1
1715565600,0,15.8
1715567400,0,15.9
1715569200,0,17.4
1715571000,0,18.5
1715572800,0,18.2
1715574600,0,18.7
1715576400,0,19.2
1715578200,0,20.2
1715580000,0,20.9
1715581800,0,21.7
1715583600,0,22.5
1715585400,0,22.7
1715587200,0,22.9
1715589000,0,23.2
1715590800,0,23.1
1715592600,0,24
1715594400,0,23.6
1715596200,0,23.4
1715598000,0,23.4
1715599800,0,23.4
1715601600,0,23.4
1715603400,0,22.4
1715605200,0,22.1
1715607000,0,22.2
1715608800,0,21.7
1715610600,0,21.3
1715612400,0,21.1
1715614200,0,20.4
1715616000,0,19.5
1715617800,0,18.9
1715619600,0,18.8
1715621400,0,18.6
1715623200,0,18.5
1715625000,0,18.4
1715626800,0,18.4
1715628600,0,18.4
1715630400,0,18.3
1715632200,0,18.2
1715634000,0,18.4
1715635800,0,18.4
1715637600,0,18.3
1715639400,0,18.2
1715641200,0.1,18.1
1715643000,0,17.9
1715644800,0,17.9
1715646600,0,17.9
1715648400,0,17.9
1715650200,0,17.9
1715652000,0,17.9
1715653800,0.1,18
1715655600,0.2,17.8
1715657400,0,17.8
1715659200,0,18.1
1715661000,0,18.2
1715662800,0,18.5
1715664600,0.1,18.5
1715666400,0.9,17.9
1715668200,1.7,17.5
1715670000,1.1,17.2
1715671800,1.1,17.3
1715673600,2,17.3
1715675400,0.1,17.4
1715677200,7.2,16.9
1715679000,2.3,15.7
1715680800,0.6,15.5
1715682600,0,16.7
1715684400,0,17.8
1715686200,0,19.3
1715688000,0,21
1715689800,0,21.8
1715691600,0,20.6
1715693400,0,18.7
1715695200,0.1,18.6
1715697000,0,18.2
1715698800,0,17.6
1715700600,0,17.3
1715702400,0,16.9
1715704200,0,16.9
1715706000,0,16.7
1715707800,0,16.7
1715709600,0,16.8
1715711400,0,16.8
1715713200,0,16.9
1715715000,0,16.7
1715716800,0,16.7
1715718600,0,16.6
1715720400,0,16.5
1715722200,0,16.3
1715724000,0,16.5
1715725800,0,16.5
1715727600,0,16.4
1715729400,0,16.3
1715731200,0,16.4
1715733000,0,16.4
1715734800,0,16.4
1715736600,0,16.2
1715738400,0,16
1715740200,0,15.8
1715742000,1.7,15.4
1715743800,0.3,13
1715745600,1.1,12.8
1715747400,0.1,13.2
1715749200,0,15.1
1715751000,0,15.5
1715752800,0,16.1
1715754600,0.1,15.6
1715756400,0.1,14.9
1715758200,0,15.7
1715760000,0,17.8
1715761800,0,18.8
1715763600,0,18.6
1715765400,0,18.5
1715767200,0,17.5
1715769000,0,17.7
1715770800,0,16.9
1715772600,0.3,16
1715774400,0,16.6
1715776200,0,16.8
1715778000,0,17.4
1715779800,0,18.9
1715781600,0,18.9
1715783400,0,18.7
1715785200,0,18.3
1715787000,0,17.3
1715788800,0,16.7
1715790600,0,16.1
1715792400,0,15.7
1715794200,0,15
1715796000,0,14.4
1715797800,0,14.3
1715799600,0,14.3
1715801400,0,14.4
1715803200,0,14.4
1715805000,0,14.2
1715806800,0,14.1
1715808600,0,14.2
1715810400,0,14.3
1715812200,0,14
1715814000,0,14.3
1715815800,0,14.2
1715817600,0,14.8
1715819400,0,14.8
1715821200,0,14.8
1715823000,0,14.7
1715824800,0,14.3
1715826600,0,14.3
1715828400,0,14.6
1715830200,0,14.8
1715832000,0,15.2
1715833800,0,16.1
1715835600,0,17.3
1715837400,0,17.9
1715839200,0,17.3
1715841000,0.6,16.3
1715842800,0.2,16.3
1715844600,0,18
1715846400,0.2,17.1
1715848200,0.3,16.3
1715850000,0,18.6
1715851800,0,19.3
1715853600,0,18.3
1715855400,0,19
1715857200,0,18.5
1715859000,0,19.6
1715860800,0,19
1715862600,0,19.1
1715864400,0,19.3
1715866200,0,19.6
1715868000,0,19.8
1715869800,0,19.5
1715871600,0,19.2
1715873400,0,18.5
1715875200,0,17.8
1715877000,0,17.3
1715878800,0,16.8
1715880600,0,16.5
1715882400,0,16.2
1715884200,0,15.7
1715886000,0,15
1715887800,0,14.8
1715889600,0,14.8
1715891400,0,14.9
1715893200,0,15.1
1715895000,0,15.5
1715896800,0,15.4
1715898600,0,15.5
1715900400,0,15.1
1715902200,0,15
1715904000,0,14.9
1715905800,0,14.7
1715907600,0,14.7
1715909400,0,15.1
1715911200,0,14.7
1715913000,0,14.2
1715914800,0,15.3
1715916600,0,15.7
1715918400,0,16.2
1715920200,0,16.6
1715922000,0,17.4
1715923800,0,16.9
1715925600,0,17.4
1715927400,0,18.4
1715929200,0,18.1
1715931000,0,19.5
1715932800,0,19.9
1715934600,0,20.2
1715936400,0,20.2
1715938200,0,21.1
1715940000,0,20.3
1715941800,0,19.5
1715943600,0,19.9
1715945400,0,21.4
1715947200,0,21.3
1715949000,0,20.4
1715950800,0,19.8
1715952600,0,20.2
1715954400,0,21.1
1715956200,0,21
1715958000,0,20.5
1715959800,0,19.9
1715961600,0,19.1
1715963400,0,18.2
1715965200,0,17.7
1715967000,0,17.4
1715968800,0,17.2
1715970600,0,17
1715972400,0,16.4
1715974200,0,16
1715976000,0,15.8
1715977800,0,15.5
1715979600,0,15.2
1715981400,0,14.9
1715983200,0,14.9
1715985000,0,14.6
1715986800,0,14.6
1715988600,0,14.4
1715990400,0,14.4
1715992200,0,14.7
1715994000,0,14.3
1715995800,0,14.2
1715997600,0,14.4
1715999400,0.5,14.6
1716001200,0.1,15
1716003000,0,15.6
1716004800,0.1,16.1
1716006600,0.3,15.3
1716008400,0.9,15.3
1716010200,0.1,15.1
1716012000,0,15.5
1716013800,0,16.5
1716015600,0.1,17.4
1716017400,0,17
1716019200,0,17.5
1716021000,0,18.6
1716022800,0,19.3
1716024600,0,19.7
1716026400,0,19.6
1716028200,0,19.9
1716030000,0,20.2
1716031800,0,20.2
1716033600,0,20.2
1716035400,0,20.3
1716037200,0,20
1716039000,0,20
1716040800,0,19.5
1716042600,0,19.3
1716044400,0,18.6
1716046200,0,18.1
1716048000,0,17.6
1716049800,0,17.2
1716051600,0,17
1716053400,0,16.9
1716055200,0,16.8
1716057000,0,16.8
1716058800,0,16.9
1716060600,0,16.8
1716062400,0,16.6
1716064200,0,16.7
1716066000,0,16.8
1716067800,0,16.4
1716069600,0,15.7
1716071400,0,15
1716073200,0,14.5
1716075000,0,14.2
1716076800,0,14
1716078600,0,13.9
1716080400,0,13.7
1716082200,0,14.4
1716084000,0,15.7
1716085800,0,15.6
1716087600,0,15.6
1716089400,0,15.9
1716091200,0,16.8
1716093000,0,17
1716094800,0,18
1716096600,0,18.9
1716098400,0,19.4
1716100200,0,20.3
1716102000,0,20.6
1716103800,0,20.4
1716105600,0,20.6
1716107400,0,20.8
1716109200,0,20.5
1716111000,0,21.2
1716112800,0,21.5
1716114600,0,21.1
1716116400,0,21.2
1716118200,0,21.7
1716120000,0,21.4
1716121800,0,21.6
1716123600,0,20.3
1716125400,0,20.1
1716127200,0,19.4
1716129000,0,19.3
1716130800,0,19.1
1716132600,0,18.8
1716134400,0,18.6
1716136200,0,18.3
1716138000,0,18.1
1716139800,0,18
1716141600,0,17.7
1716143400,0,17.8
1716145200,0,17.8
1716147000,0,17.7
1716148800,0,17.6
1716150600,0,17.5
1716152400,0,17.4
1716154200,0,16.8
1716156000,0,16.8
1716157800,0,16.6
1716159600,0,16.8
1716161400,0,17.1
1716163200,0,17.2
1716165000,0,17.2
1716166800,0,17.1
1716168600,0.2,16.9
1716170400,0.2,16.5
1716172200,0.1,16.3
1716174000,0,15.7
1716175800,0,16.2
1716177600,0,16.8
1716179400,0,17.4
1716181200,0,17.9
1716183000,0,19.3
1716184800,0,20.4
1716186600,0,21.2
1716188400,0,21.9
1716190200,0,22.5
1716192000,0,23.3
1716193800,0,23.8
1716195600,0,23.4
1716197400,0,23.2
1716199200,0,22.8
1716201000,0,23
1716202800,0,22.9
1716204600,0,21.8
1716206400,0,21.9
1716208200,0,22.3
1716210000,0,22.9
1716211800,0,23
1716213600,0,22
1716215400,0,22.4
1716217200,0,21.6
1716219000,0,21.1
1716220800,0,20.7
1716222600,0,20.4
1716224400,0,19.8
1716226200,0,19
1716228000,0,18.3
1716229800,0,18
1716231600,0,17.9
1716233400,0,17.4
1716235200,0,17.3
1716237000,0,17
1716238800,0,16.6
1716240600,0,16.5
1716242400,0,15.8
1716244200,0,15.2
1716246000,0,15
1716247800,0,15.1
1716249600,0,15.2
1716251400,0,15.2
1716253200,0,15.8
1716255000,0,16.3
1716256800,0,16.5
1716258600,0,16.4
1716260400,0,16.7
1716262200,0,17
1716264000,0,18
1716265800,0,18.8
1716267600,0,19.3
1716269400,0,19.8
1716271200,0,20.8
1716273000,0,21.8
1716274800,0,22.2
1716276600,0,22.4
1716278400,0,22.1
1716280200,0,22.2
1716282000,0,23.3
1716283800,0,22.7
1716285600,0,23.1
1716287400,0,22.4
1716289200,0,22.1
1716291000,0,22.6
1716292800,0,22.9
1716294600,0,22.3
1716296400,0,22.6
1716298200,0,22.3
1716300000,0,21.9
1716301800,0,22
1716303600,0,21.8
1716305400,0,21.4
1716307200,0,19.4
1716309000,0,18.6
1716310800,0,18.1
1716312600,0,17.9
1716314400,0,17.8
1716316200,0,17.7
1716318000,0,17.9
1716319800,0,17.7
1716321600,0,17.6
1716323400,0,17.6
1716325200,0,17.7
1716327000,0,17.6
1716328800,0,17.5
1716330600,0,17.2
1716332400,0,17.2
1716334200,0,16.9
1716336000,0,16.5
1716337800,0,16.5
1716339600,0,16.6
1716341400,0,17.1
1716343200,0,17.1
1716345000,0,17.2
1716346800,0,17.1
1716348600,0,18
1716350400,0,17.7
1716352200,0,18.1
1716354000,0,17.8
1716355800,0,18.8
1716357600,0,18.9
1716359400,0,18.1
1716361200,0.1,17.9
1716363000,2,17
1716364800,0.1,16.6
1716366600,0,17.4
1716368400,0,18.5
1716370200,0,18.9
1716372000,0,18.5
1716373800,0,18.7
1716375600,0,19.2
1716377400,0,19.4
1716379200,0,18.7
1716381000,0,19.8
1716382800,0,19.9
1716384600,0,19.7
1716386400,0,19.9
1716388200,0,20
1716390000,0,20.1
1716391800,0,19.4
1716393600,0,18.9
1716395400,0,18.5
1716397200,0,18.1
1716399000,0,17.6
1716400800,0,17.3
1716402600,0,16.9
1716404400,0,16.3
1716406200,0,15.9
1716408000,0,15.4
1716409800,0,14.9
1716411600,0,14.5
1716413400,0,15.2
1716415200,0,14.6
1716417000,0,14.4
1716418800,0,14.3
1716420600,0,15
1716422400,0,16.1
1716424200,0,16.4
1716426000,0,16.5
1716427800,0,16.7
1716429600,0,16.7
1716431400,0,16.6
1716433200,0,16.7
1716435000,0,16.9
1716436800,0,17.7
1716438600,0,18.1
1716440400,0,18.5
1716442200,0,19
1716444000,0,19.8
1716445800,0,20.1
1716447600,0,20.4
1716449400,0,20.6
1716451200,0,21.1
1716453000,0,21.3
1716454800,0,21.5
1716456600,0,21.8
1716458400,0,21.1
1716460200,0,20.7
1716462000,0,21
1716463800,0,20.9
1716465600,0,20.7
1716467400,0,20.4
1716469200,0,20.1
1716471000,0,20
1716472800,0,19.3
1716474600,0,19.3
1716476400,0,19
1716478200,0,18.6
1716480000,0,18
1716481800,0,17.9
1716483600,0,17.7
1716485400,0,17.6
1716487200,0,17.5
1716489000,0,17.5
1716490800,0,17.3
1716492600,0,17.3
1716494400,0,17.4
1716496200,0,17.2
1716498000,0,17.3
1716499800,0,17.1
1716501600,0,17
1716503400,0,16.8
1716505200,0,17.1
1716507000,0,17.2
1716508800,0,17.3
1716510600,0,17
1716512400,0,16.9
1716514200,0,16.8
1716516000,0,17.2
1716517800,0,17
1716519600,0,17.2
1716521400,0,17.6
1716523200,0,18
1716525000,0,18.3
1716526800,0,18.5
1716528600,0,18.9
1716530400,0,19.1
1716532200,0,19.7
1716534000,0,19.8
1716535800,0,20.1
1716537600,0,20.4
1716539400,0,20.3
1716541200,0,20.4
1716543000,0,20
1716544800,0,20.2
1716546600,0,20.2
1716548400,0,21
1716550200,0,21.1
1716552000,0,20.4
1716553800,0,20.2
1716555600,0,20.3
1716557400,0,20.1
1716559200,0,19.6
1716561000,0,19.1
1716562800,0,18.8
1716564600,0,18.3
1716566400,0,17.9
1716568200,0,17.5
1716570000,0,17.2
1716571800,0,17.1
1716573600,0,17.1
1716575400,0,17
1716577200,0,16.9
1716579000,0,16.7
1716580800,0,16.7
1716582600,0,16.8
1716584400,0,16.2
1716586200,0,15.7
1716588000,0,15.6
1716589800,0,14.8
1716591600,0,14.6
1716593400,0,14.4
1716595200,0,14
1716597000,0,14.3
1716598800,0,14.2
1716600600,0,14
1716602400,0,13.7
1716604200,0,13.9
1716606000,0,15.6
1716607800,0,17.7
1716609600,0,18.6
1716611400,0,18.6
1716613200,0,20
1716615000,0,20.9
1716616800,0,21.5
1716618600,0,22.1
1716620400,0,21.8
1716622200,0,21.7
1716624000,0,21.7
1716625800,0,22.3
1716627600,0,22.6
1716629400,0,23.1
1716631200,0,22.7
1716633000,0,22.5
1716634800,0,22.3
1716636600,0,22.4
1716638400,0,21.9
1716640200,0,21.2
1716642000,0,20.8
1716643800,0,20.8
1716645600,0,20.8
1716647400,0,20.6
1716649200,0,19.8
1716651000,0,19.7
1716652800,0,19.2
1716654600,0,18.9
1716656400,0,18.3
1716658200,0,17.7
1716660000,0,17.6
1716661800,0,17.5
1716663600,0,17.3
1716665400,0,16.9
1716667200,0,16.5
1716669000,0,16.2
1716670800,0,16
1716672600,0,15.9
1716674400,0,15.9
1716676200,0,16
1716678000,0,15.5
1716679800,0,15.4
1716681600,0,15.3
1716683400,0,15.1
1716685200,0,14.9
1716687000,0,14.9
1716688800,0,14.9
1716690600,0,15.1
1716692400,0,15.7
1716694200,0,17.5
1716696000,0,19.2
1716697800,0,20
1716699600,0,20.9
1716701400,0,21.1
1716703200,0,21.8
1716705000,0,22.5
1716706800,0,23
1716708600,0,23.5
1716710400,0,24
1716712200,0,24.6
1716714000,0,24.6
1716715800,0,24.5
1716717600,0,24.6
1716719400,0,24.7
1716721200,0,24.6
1716723000,0,24.3
1716724800,0,24.3
1716726600,0,24.2
1716728400,0,23.8
1716730200,0,23.7
1716732000,0,23
1716733800,0,22.6
1716735600,0,21.9
1716737400,0,21.5
1716739200,0,21.1
1716741000,0,20.7
1716742800,0,20.2
1716744600,0,20
1716746400,0,19.8
1716748200,0,19.7
1716750000,0,19.7
1716751800,0,19.7
1716753600,0,19.7
1716755400,0,19.7
1716757200,0,19.7
1716759000,0,19.5
1716760800,0,19.4
1716762600,0,19.3
1716764400,0,19.3
1716766200,0,19.2
1716768000,0,19.1
1716769800,0,19
1716771600,0,18.9
1716773400,0,18.8
1716775200,0,18.8
1716777000,0,18.8
1716778800,0,19
1716780600,0.1,19
1716782400,0.1,19.1
1716784200,0,19.4
1716786000,0,19.9
1716787800,0,20.2
1716789600,0,20.6
1716791400,0,21.4
1716793200,0,22.2
1716795000,0,22.4
1716796800,0,22.8
1716798600,0,22.8
1716800400,0,22.9
1716802200,0,22.7
1716804000,0,23.7
1716805800,0,23.5
1716807600,0,23
1716809400,0,23
1716811200,0,22.4
1716813000,0,22.2
1716814800,0,22
1716816600,0,21.6
1716818400,0,21.8
1716820200,0,21.1
1716822000,0,20.5
1716823800,0,20.4
1716825600,0,20
1716827400,0,19.8
1716829200,0,19.6
1716831000,0,19.3
1716832800,0,19
1716834600,0,19
1716836400,0,18.5
1716838200,0,17.8
1716840000,0,17.5
1716841800,0,17.6
1716843600,0,17.2
1716845400,0,17.6
1716847200,0,17.3
1716849000,0,17.2
1716850800,0,16.9
1716852600,0,17
1716854400,0,16.7
1716856200,0,16.6
1716858000,0,16.6
1716859800,0,16.1
1716861600,0,16
1716863400,0,16
1716865200,0,17.4
1716867000,0,18.2
1716868800,0,18.8
1716870600,0,20.3
1716872400,0,20.7
1716874200,0,21.3
1716876000,0,22.9
1716877800,0,23.1
1716879600,0,22.7
1716881400,0,22.5
1716883200,0,22.6
1716885000,0,22.3
1716886800,0,22.5
1716888600,0,22.9
1716890400,0,23
1716892200,0,22.8
1716894000,0,22.9
1716895800,0,22.7
1716897600,0,22.3
1716899400,0,22
1716901200,0,22.7
1716903000,0,22.4
1716904800,0,21.8
1716906600,0,21.5
1716908400,0,21.3
1716910200,0,20.8
1716912000,0,20.2
1716913800,0,19.7
1716915600,0,19.3
1716917400,0,19
1716919200,0,18.5
1716921000,0,18.4
1716922800,0,18.1
1716924600,0,17.5
1716926400,0,17.4
1716928200,0,17.2
1716930000,0,17.3
1716931800,0,17
1716933600,0,17
1716935400,0,16.7
1716937200,0,16.4
1716939000,0,16.5
1716940800,0,16.5
1716942600,0,16.5
1716944400,0,16.3
1716946200,0,16.5
1716948000,0,16.4
1716949800,0,16.5
1716951600,0,17
1716953400,0,17.9
1716955200,0,19
1716957000,0,19.9
1716958800,0,20.5
1716960600,0,21.1
1716962400,0,22
1716964200,0,22.4
1716966000,0,22.8
1716967800,0,23.4
1716969600,0,23.7
1716971400,0,23.9
1716973200,0,24
1716975000,0,24.2
1716976800,0,24.6
1716978600,0,24.2
1716980400,0,24.9
1716982200,0,24.8
1716984000,0,24.9
1716985800,0,24.6
1716987600,0,24.3
1716989400,0,24.4
1716991200,0,24.1
1716993000,0,23.5
1716994800,0,23.3
1716996600,0,22.6
1716998400,0,22
1717000200,0,21.4
1717002000,0,20.8
1717003800,0,20.2
1717005600,0,20.2
1717007400,0,19.8
1717009200,0,19.7
1717011000,0,19.3
1717012800,0,19.2
1717014600,0,19.1
1717016400,0,18.9
1717018200,0,18.8
1717020000,0,18.5
1717021800,0,18.4
1717023600,0,18.4
1717025400,0,18.1
1717027200,0,17.8
1717029000,0,17.6
1717030800,0,17.4
1717032600,0,17.4
1717034400,0,17.5
1717036200,0,17.5
1717038000,0,18.5
1717039800,0,19.9
1717041600,0,20.6
1717043400,0,21
1717045200,0,21.6
1717047000,0,22.6
1717048800,0,24.4
1717050600,0,25.3
1717052400,0,25.9
1717054200,0,25
1717056000,0,25.5
1717057800,0,26
1717059600,0,25.9
1717061400,0,25.6
1717063200,0,25.9
1717065000,0,26.3
1717066800,0,26.3
1717068600,0,26.5
1717070400,0,24.9
1717072200,0,24.1
1717074000,0,24.4
1717075800,0,24.8
1717077600,0,24
1717079400,0,22.9
1717081200,0,22.4
1717083000,0,21.9
1717084800,0,21.1
1717086600,0,20.6
1717088400,0,20.3
1717090200,0,20.3
1717092000,0,20.3
1717093800,0,20.1
1717095600,0,20
1717097400,0,19.8
1717099200,0,19.3
1717101000,0,18.9
1717102800,0,18.8
1717104600,0,18.6
1717106400,0,18.6
1717108200,0,18.6
1717110000,0,18.6
1717111800,0,18.6
1717113600,0,18.5
1717115400,0,18.4
1717117200,0,18.2
1717119000,0,18.3
1717120800,0,18.5
1717122600,0,18.4
1717124400,0,18.1
1717126200,0,18.3
1717128000,0,18.9
1717129800,0,19.1
1717131600,0,20.4
1717133400,0,21.1
1717135200,0,21.8
1717137000,0,22.5
1717138800,0,23.4
1717140600,0,23.1
1717142400,0,23
1717144200,0,22.9
1717146000,0,23.4
1717147800,0,23.7
1717149600,0,23.7
1717151400,0,23.5
1717153200,0,23.4
1717155000,0,23.5
1717156800,0,23.2
1717158600,0,22.7
1717160400,0,22.5
1717162200,0,22.5
1717164000,0,21.9
1717165800,0,21.5
1717167600,0,21
1717169400,0,20.4
1717171200,0,19.7
1717173000,0,19.4
1717174800,0,19.2
1717176600,0,19
1717178400,0,18.9
1717180200,0,18.8
1717182000,0,18.8
1717183800,0,18.8
1717185600,0.1,18.3
1717187400,0,18.4
1717189200,0,18.4
1717191000,0,18.5
1717192800,0,18.7
1717194600,0,18.6
1717196400,0,18.2
1717198200,0,18.2
1717200000,0.1,17.6
1717201800,0.7,17.1
1717203600,0,16.8
1717205400,0,16.8
1717207200,0,16.6
1717209000,0,16.5
1717210800,0,16.2
1717212600,0,16.8
1717214400,0,17.4
1717216200,0,18.6
1717218000,0,19
1717219800,0,19
1717221600,0,19.4
1717223400,0,20.6
1717225200,0,20.6
1717227000,0,20.4
1717228800,0,19.9
1717230600,0,20.3
1717232400,0,20.5
1717234200,0,20.7
1717236000,0,21.6
1717237800,0,21.9
1717239600,0,21.8
1717241400,0,21.7
1717243200,0,21.5
1717245000,0,22
1717246800,0,21.7
1717248600,0,22
1717250400,0,21.8
1717252200,0,21.1
1717254000,0,20.4
1717255800,0,20
1717257600,0,18.8
1717259400,0,18.7
1717261200,0.3,18.3
1717263000,0.7,16.9
1717264800,0.1,16.8
1717266600,0,16.8
1717268400,1.1,16.6
1717270200,0.1,15.1
1717272000,0,15.4
1717273800,0.1,15.4
1717275600,0,15.2
1717277400,0,15.2
1717279200,0,15.7
1717281000,0,16.5
1717282800,0,16.4
1717284600,0,15.6
1717286400,0,15.7
1717288200,0,15.8
1717290000,0,15.6
1717291800,0,15.9
1717293600,0,16.5
1717295400,0,16.3
1717297200,0,16.3
1717299000,0,16.5
1717300800,0,18.5
1717302600,0,19
1717304400,0,19.8
1717306200,0,21
1717308000,0,21.7
1717309800,0,22.7
1717311600,0,23.3
1717313400,0,23.3
1717315200,0,23.8
1717317000,0,23.1
1717318800,0,23.3
1717320600,0,23.9
1717322400,0,23.7
1717324200,0,23.8
1717326000,0,24.3
1717327800,0,24.4
1717329600,0,23.8
1717331400,0,23.6
1717333200,0,23.3
1717335000,0,23.1
1717336800,0,22.6
1717338600,0,22.3
1717340400,0,21.6
1717342200,0,21.1
1717344000,0,20.6
1717345800,0,20.2
1717347600,0,19.7
1717349400,0,19.5
1717351200,0,19.1
1717353000,0,18.9
1717354800,0,18.6
1717356600,0,18.2
1717358400,0,18.1
1717360200,0,17.8
1717362000,0,18.2
1717363800,0,17.9
1717365600,0,17.6
1717367400,0,17
1717369200,0,16.8
1717371000,0,16.8
1717372800,0,16.5
1717374600,0,17
1717376400,0,17.1
1717378200,0,17.6
1717380000,0,17.2
1717381800,0,17.5
1717383600,0,18.4
1717385400,0,19.5
1717387200,0,20.3
1717389000,0,20.9
1717390800,0,21.9
1717392600,0,22.6
1717394400,0,23.2
1717396200,0,24.1
1717398000,0,24.3
1717399800,0,24.3
1717401600,0,24.1
1717403400,0,24.3
1717405200,0,24.2
1717407000,0,25
1717408800,0,25.1
1717410600,0,25
1717412400,0,24.4
1717414200,0,24.9
1717416000,0,24.4
1717417800,0,24.6
1717419600,0,24.6
1717421400,0,24.5
1717423200,0,24.1
1717425000,0,24
1717426800,0,23.6
1717428600,0,22.9
1717430400,0,22.4
1717432200,0,22.2
1717434000,0,22.1
1717435800,0,21.8
1717437600,0,21.1
1717439400,0,20.3
1717441200,0,19.6
1717443000,0,19.5
1717444800,0,19
1717446600,0,18.5
1717448400,0,18
1717450200,0,17.7
1717452000,0,17.6
1717453800,0,18.6
1717455600,0,18.5
1717457400,0,18.3
1717459200,0,18.1
1717461000,0,18.2
1717462800,0,18.4
1717464600,0,18.1
1717466400,0,18.1
1717468200,0,18.3
1717470000,0,18.9
1717471800,0,20.1
1717473600,0,20.8
1717475400,0,21.2
1717477200,0,21.6
1717479000,0,22
1717480800,0,22.3
1717482600,0,22.7
1717484400,0,23.4
1717486200,0,23.2
1717488000,0,24.2
1717489800,0,24
1717491600,0,24.4
1717493400,0,24.8
1717495200,0,24.8
1717497000,0,24.7
1717498800,0,24.8
1717500600,0,24
1717502400,0,23.8
1717504200,0,24.1
1717506000,0,23.6
1717507800,0,23.8
1717509600,0,23.9
1717511400,0,23.6
1717513200,0,23
1717515000,0,22.3
1717516800,0,21.5
1717518600,0,21.2
1717520400,0,20.6
1717522200,0,20.3
1717524000,0,20
1717525800,0,19.9
1717527600,0,19.7
1717529400,0,19.5
1717531200,0,19.3
1717533000,0,19.1
1717534800,0,19.1
1717536600,0,19.1
